ENFJ,ENFP,ENTJ,ENTP,ESFJ,ESFP,ESTJ,ESTP,INFJ,INFP,INTJ,INTP,ISFJ,ISFP,ISTJ,ISTP,accuracy,macro avg,weighted avg
0.625,0.8107416879795396,0.9333333333333333,0.8060046189376443,0.0,0.0,0.0,1.0,0.7227272727272728,0.6129893238434164,0.722680412371134,0.6578754578754579,0.9444444444444444,0.88,0.8333333333333334,0.9207920792079208,0.6899135446685879,0.6543701227533435,0.7183923735681826
0.03289473684210526,0.587037037037037,0.15135135135135136,0.6368613138686131,0.0,0.0,0.0,0.014084507042253521,0.8112244897959183,0.9399727148703957,0.8029782359679267,0.8609779482262704,0.12781954887218044,0.10138248847926268,0.1524390243902439,0.34444444444444444,0.6899135446685879,0.34771674007425013,0.6899135446685879
0.0625,0.6809881847475833,0.26046511627906976,0.7115188583078491,0.0,0.0,0.0,0.027777777777777776,0.7644230769230769,0.7420570813139472,0.7607162235485622,0.7458471760797342,0.2251655629139073,0.18181818181818182,0.25773195876288657,0.5013477088948787,0.6899135446685879,0.3701473067104659,0.6474321034996996
152.0,540.0,185.0,548.0,33.0,38.0,31.0,71.0,1176.0,1466.0,873.0,1043.0,133.0,217.0,164.0,270.0,0.6899135446685879,6940.0,6940.0
